{
  "users": {
    "94778115292@s.whatsapp.net": {
      "afkTime": -1,
      "afkReason": "",
      "limit": "Infinity"
    },
    "94725273423@s.whatsapp.net": {
      "afkTime": -1,
      "afkReason": "",
      "limit": 100
    }
  },
  "chats": {
    "94778115292@s.whatsapp.net": {
      "mute": false,
      "antilink": false
    },
    "120363040888745366@g.us": {
      "mute": false,
      "antilink": false
    }
  },
  "database": {},
  "game": {},
  "settings": {
    "94778115292@s.whatsapp.net": {
      "status": 0,
      "autobio": true,
      "templateImage": true,
      "templateVideo": false,
      "templateGif": false,
      "templateMsg": false,
      "templateLocation": false
    }
  },
  "others": {},
  "sticker": {}
}